"","cluster_id","sample_id","group_id"
"cell1","CD4 T cells","ctrl101.B","B"
"cell2","CD4 T cells","ctrl101.B","B"
"cell3","CD14+ Monocytes","ctrl101.B","B"
"cell4","CD4 T cells","ctrl101.A","A"
"cell5","CD14+ Monocytes","ctrl101.B","B"
"cell6","CD14+ Monocytes","ctrl101.B","B"
"cell7","CD4 T cells","ctrl101.B","B"
"cell8","CD4 T cells","ctrl101.B","B"
"cell9","CD14+ Monocytes","ctrl101.B","B"
"cell10","CD4 T cells","ctrl101.B","B"
"cell11","CD14+ Monocytes","ctrl101.A","A"
"cell12","CD14+ Monocytes","ctrl101.B","B"
"cell13","CD14+ Monocytes","ctrl101.B","B"
"cell14","CD14+ Monocytes","ctrl101.B","B"
"cell15","CD4 T cells","ctrl101.B","B"
"cell16","CD4 T cells","ctrl101.B","B"
"cell17","CD14+ Monocytes","ctrl107.B","B"
"cell18","CD4 T cells","ctrl101.B","B"
"cell19","CD14+ Monocytes","ctrl101.B","B"
"cell20","CD14+ Monocytes","ctrl101.B","B"
"cell21","CD4 T cells","ctrl101.B","B"
"cell22","CD14+ Monocytes","ctrl101.B","B"
"cell23","CD14+ Monocytes","ctrl107.B","B"
"cell24","CD14+ Monocytes","ctrl107.A","A"
"cell25","CD4 T cells","ctrl107.B","B"
"cell26","CD4 T cells","ctrl101.B","B"
"cell27","CD14+ Monocytes","ctrl101.B","B"
"cell28","CD4 T cells","ctrl101.B","B"
"cell29","CD4 T cells","ctrl101.B","B"
"cell30","CD4 T cells","ctrl101.B","B"
"cell31","CD14+ Monocytes","ctrl101.B","B"
"cell32","CD14+ Monocytes","ctrl107.B","B"
"cell33","CD14+ Monocytes","ctrl101.B","B"
"cell34","CD4 T cells","ctrl101.B","B"
"cell35","CD4 T cells","ctrl101.B","B"
"cell36","CD14+ Monocytes","ctrl101.A","A"
"cell37","CD14+ Monocytes","ctrl101.B","B"
"cell38","CD4 T cells","ctrl101.B","B"
"cell39","CD14+ Monocytes","ctrl101.B","B"
"cell40","CD14+ Monocytes","ctrl101.B","B"
"cell41","CD4 T cells","ctrl101.B","B"
"cell42","CD14+ Monocytes","ctrl101.B","B"
"cell43","CD14+ Monocytes","ctrl101.B","B"
"cell44","CD4 T cells","ctrl101.B","B"
"cell45","CD4 T cells","ctrl101.B","B"
"cell46","CD4 T cells","ctrl101.B","B"
"cell47","CD4 T cells","ctrl101.B","B"
"cell48","CD4 T cells","ctrl101.B","B"
"cell49","CD14+ Monocytes","ctrl101.B","B"
"cell50","CD14+ Monocytes","ctrl101.B","B"
"cell51","CD4 T cells","ctrl101.B","B"
"cell52","CD14+ Monocytes","ctrl101.B","B"
"cell53","CD14+ Monocytes","ctrl101.A","A"
"cell54","CD4 T cells","ctrl101.B","B"
"cell55","CD14+ Monocytes","ctrl101.B","B"
"cell56","CD4 T cells","ctrl101.B","B"
"cell57","CD4 T cells","ctrl101.B","B"
"cell58","CD4 T cells","ctrl101.A","A"
"cell59","CD14+ Monocytes","ctrl101.B","B"
"cell60","CD4 T cells","ctrl101.B","B"
"cell61","CD4 T cells","ctrl107.B","B"
"cell62","CD4 T cells","ctrl101.B","B"
"cell63","CD4 T cells","ctrl101.B","B"
"cell64","CD4 T cells","ctrl101.B","B"
"cell65","CD4 T cells","ctrl101.B","B"
"cell66","CD4 T cells","ctrl107.B","B"
"cell67","CD4 T cells","ctrl101.B","B"
"cell68","CD4 T cells","ctrl107.B","B"
"cell69","CD14+ Monocytes","ctrl107.A","A"
"cell70","CD14+ Monocytes","ctrl101.B","B"
"cell71","CD14+ Monocytes","ctrl101.B","B"
"cell72","CD14+ Monocytes","ctrl101.B","B"
"cell73","CD14+ Monocytes","ctrl101.B","B"
"cell74","CD14+ Monocytes","ctrl101.B","B"
"cell75","CD4 T cells","ctrl101.B","B"
"cell76","CD4 T cells","ctrl101.B","B"
"cell77","CD4 T cells","ctrl101.A","A"
"cell78","CD14+ Monocytes","ctrl101.B","B"
"cell79","CD14+ Monocytes","ctrl101.B","B"
"cell80","CD14+ Monocytes","ctrl101.B","B"
"cell81","CD14+ Monocytes","ctrl101.B","B"
"cell82","CD4 T cells","ctrl101.B","B"
"cell83","CD4 T cells","ctrl101.B","B"
"cell84","CD4 T cells","ctrl101.B","B"
"cell85","CD14+ Monocytes","ctrl107.B","B"
"cell86","CD4 T cells","ctrl101.B","B"
"cell87","CD14+ Monocytes","ctrl101.B","B"
"cell88","CD4 T cells","ctrl101.B","B"
"cell89","CD14+ Monocytes","ctrl101.B","B"
"cell90","CD4 T cells","ctrl101.B","B"
"cell91","CD14+ Monocytes","ctrl101.B","B"
"cell92","CD14+ Monocytes","ctrl101.B","B"
"cell93","CD4 T cells","ctrl101.B","B"
"cell94","CD14+ Monocytes","ctrl101.B","B"
"cell95","CD14+ Monocytes","ctrl101.B","B"
"cell96","CD4 T cells","ctrl101.B","B"
"cell97","CD4 T cells","ctrl101.B","B"
"cell98","CD4 T cells","ctrl101.B","B"
"cell99","CD14+ Monocytes","ctrl101.B","B"
"cell100","CD4 T cells","ctrl101.B","B"
"cell101","CD4 T cells","ctrl101.B","B"
"cell102","CD4 T cells","ctrl101.B","B"
"cell103","CD4 T cells","ctrl101.B","B"
"cell104","CD4 T cells","ctrl101.B","B"
"cell105","CD4 T cells","ctrl101.B","B"
"cell106","CD4 T cells","ctrl107.B","B"
"cell107","CD14+ Monocytes","ctrl101.B","B"
"cell108","CD14+ Monocytes","ctrl101.B","B"
"cell109","CD14+ Monocytes","ctrl101.B","B"
"cell110","CD4 T cells","ctrl101.B","B"
"cell111","CD4 T cells","ctrl101.B","B"
"cell112","CD14+ Monocytes","ctrl101.B","B"
"cell113","CD14+ Monocytes","ctrl107.B","B"
"cell114","CD4 T cells","ctrl101.A","A"
"cell115","CD14+ Monocytes","ctrl101.B","B"
"cell116","CD4 T cells","ctrl101.B","B"
"cell117","CD4 T cells","ctrl101.B","B"
"cell118","CD14+ Monocytes","ctrl107.B","B"
"cell119","CD14+ Monocytes","ctrl107.B","B"
"cell120","CD4 T cells","ctrl101.B","B"
"cell121","CD4 T cells","ctrl101.B","B"
"cell122","CD4 T cells","ctrl101.B","B"
"cell123","CD14+ Monocytes","ctrl107.B","B"
"cell124","CD14+ Monocytes","ctrl101.B","B"
"cell125","CD4 T cells","ctrl107.B","B"
"cell126","CD14+ Monocytes","ctrl101.B","B"
"cell127","CD14+ Monocytes","ctrl107.B","B"
"cell128","CD4 T cells","ctrl101.B","B"
"cell129","CD14+ Monocytes","ctrl101.B","B"
"cell130","CD14+ Monocytes","ctrl101.B","B"
"cell131","CD14+ Monocytes","ctrl101.A","A"
"cell132","CD14+ Monocytes","ctrl101.B","B"
"cell133","CD14+ Monocytes","ctrl101.B","B"
"cell134","CD14+ Monocytes","ctrl101.B","B"
"cell135","CD4 T cells","ctrl101.B","B"
"cell136","CD4 T cells","ctrl101.B","B"
"cell137","CD14+ Monocytes","ctrl101.B","B"
"cell138","CD4 T cells","ctrl101.A","A"
"cell139","CD14+ Monocytes","ctrl101.B","B"
"cell140","CD4 T cells","ctrl101.B","B"
"cell141","CD14+ Monocytes","ctrl101.B","B"
"cell142","CD4 T cells","ctrl101.B","B"
"cell143","CD14+ Monocytes","ctrl101.B","B"
"cell144","CD4 T cells","ctrl101.B","B"
"cell145","CD14+ Monocytes","ctrl101.B","B"
"cell146","CD14+ Monocytes","ctrl101.B","B"
"cell147","CD4 T cells","ctrl101.B","B"
"cell148","CD14+ Monocytes","ctrl101.B","B"
"cell149","CD4 T cells","ctrl107.B","B"
"cell150","CD4 T cells","ctrl101.A","A"
"cell151","CD4 T cells","ctrl101.A","A"
"cell152","CD4 T cells","ctrl101.B","B"
"cell153","CD4 T cells","ctrl107.B","B"
"cell154","CD4 T cells","ctrl101.B","B"
"cell155","CD14+ Monocytes","ctrl101.B","B"
"cell156","CD4 T cells","ctrl101.A","A"
"cell157","CD4 T cells","ctrl107.B","B"
"cell158","CD14+ Monocytes","ctrl101.B","B"
"cell159","CD4 T cells","ctrl101.B","B"
"cell160","CD14+ Monocytes","ctrl101.B","B"
"cell161","CD14+ Monocytes","ctrl101.B","B"
"cell162","CD14+ Monocytes","ctrl101.B","B"
"cell163","CD14+ Monocytes","ctrl101.B","B"
"cell164","CD14+ Monocytes","ctrl101.B","B"
"cell165","CD4 T cells","ctrl101.B","B"
"cell166","CD14+ Monocytes","ctrl101.B","B"
"cell167","CD4 T cells","ctrl101.A","A"
"cell168","CD4 T cells","ctrl101.B","B"
"cell169","CD14+ Monocytes","ctrl101.B","B"
"cell170","CD14+ Monocytes","ctrl101.B","B"
"cell171","CD14+ Monocytes","ctrl101.B","B"
"cell172","CD4 T cells","ctrl101.B","B"
"cell173","CD4 T cells","ctrl101.B","B"
"cell174","CD14+ Monocytes","ctrl101.A","A"
"cell175","CD4 T cells","ctrl101.B","B"
"cell176","CD4 T cells","ctrl101.B","B"
"cell177","CD4 T cells","ctrl101.B","B"
"cell178","CD14+ Monocytes","ctrl101.B","B"
"cell179","CD4 T cells","ctrl101.B","B"
"cell180","CD14+ Monocytes","ctrl101.B","B"
"cell181","CD4 T cells","ctrl107.A","A"
"cell182","CD14+ Monocytes","ctrl101.B","B"
"cell183","CD4 T cells","ctrl101.B","B"
"cell184","CD4 T cells","ctrl101.B","B"
"cell185","CD14+ Monocytes","ctrl101.B","B"
"cell186","CD14+ Monocytes","ctrl101.B","B"
"cell187","CD4 T cells","ctrl101.B","B"
"cell188","CD14+ Monocytes","ctrl101.B","B"
"cell189","CD14+ Monocytes","ctrl101.B","B"
"cell190","CD4 T cells","ctrl101.A","A"
"cell191","CD4 T cells","ctrl101.B","B"
"cell192","CD4 T cells","ctrl101.B","B"
"cell193","CD14+ Monocytes","ctrl101.B","B"
"cell194","CD4 T cells","ctrl101.B","B"
"cell195","CD14+ Monocytes","ctrl107.B","B"
"cell196","CD14+ Monocytes","ctrl107.B","B"
"cell197","CD14+ Monocytes","ctrl101.B","B"
"cell198","CD14+ Monocytes","ctrl107.B","B"
"cell199","CD14+ Monocytes","ctrl101.A","A"
"cell200","CD14+ Monocytes","ctrl101.B","B"
"cell201","CD4 T cells","ctrl107.B","B"
"cell202","CD14+ Monocytes","ctrl101.B","B"
"cell203","CD4 T cells","ctrl101.B","B"
"cell204","CD14+ Monocytes","ctrl101.B","B"
"cell205","CD4 T cells","ctrl101.B","B"
"cell206","CD14+ Monocytes","ctrl101.B","B"
"cell207","CD4 T cells","ctrl101.A","A"
"cell208","CD14+ Monocytes","ctrl101.B","B"
"cell209","CD4 T cells","ctrl101.B","B"
"cell210","CD14+ Monocytes","ctrl101.B","B"
"cell211","CD4 T cells","ctrl107.B","B"
"cell212","CD14+ Monocytes","ctrl101.B","B"
"cell213","CD4 T cells","ctrl101.B","B"
"cell214","CD14+ Monocytes","ctrl101.B","B"
"cell215","CD4 T cells","ctrl101.B","B"
"cell216","CD14+ Monocytes","ctrl101.B","B"
"cell217","CD14+ Monocytes","ctrl101.B","B"
"cell218","CD14+ Monocytes","ctrl101.B","B"
"cell219","CD14+ Monocytes","ctrl101.B","B"
"cell220","CD4 T cells","ctrl101.A","A"
"cell221","CD14+ Monocytes","ctrl107.B","B"
"cell222","CD4 T cells","ctrl101.B","B"
"cell223","CD14+ Monocytes","ctrl101.B","B"
"cell224","CD4 T cells","ctrl101.B","B"
"cell225","CD4 T cells","ctrl101.B","B"
"cell226","CD14+ Monocytes","ctrl101.A","A"
"cell227","CD14+ Monocytes","ctrl101.B","B"
"cell228","CD14+ Monocytes","ctrl101.B","B"
"cell229","CD4 T cells","ctrl101.B","B"
"cell230","CD14+ Monocytes","ctrl107.B","B"
"cell231","CD14+ Monocytes","ctrl101.B","B"
"cell232","CD4 T cells","ctrl107.B","B"
"cell233","CD14+ Monocytes","ctrl101.A","A"
"cell234","CD14+ Monocytes","ctrl101.B","B"
"cell235","CD14+ Monocytes","ctrl101.B","B"
"cell236","CD14+ Monocytes","ctrl101.A","A"
"cell237","CD14+ Monocytes","ctrl107.B","B"
"cell238","CD14+ Monocytes","ctrl101.B","B"
"cell239","CD14+ Monocytes","ctrl101.B","B"
"cell240","CD4 T cells","ctrl101.B","B"
"cell241","CD14+ Monocytes","ctrl101.B","B"
"cell242","CD4 T cells","ctrl101.B","B"
"cell243","CD4 T cells","ctrl101.B","B"
"cell244","CD4 T cells","ctrl101.B","B"
"cell245","CD4 T cells","ctrl101.B","B"
"cell246","CD14+ Monocytes","ctrl101.B","B"
"cell247","CD4 T cells","ctrl101.B","B"
"cell248","CD4 T cells","ctrl101.B","B"
"cell249","CD14+ Monocytes","ctrl107.A","A"
"cell250","CD4 T cells","ctrl101.B","B"
"cell251","CD14+ Monocytes","ctrl101.B","B"
"cell252","CD14+ Monocytes","ctrl101.B","B"
"cell253","CD14+ Monocytes","ctrl101.B","B"
"cell254","CD14+ Monocytes","ctrl101.B","B"
"cell255","CD14+ Monocytes","ctrl101.B","B"
"cell256","CD4 T cells","ctrl107.B","B"
"cell257","CD4 T cells","ctrl101.B","B"
"cell258","CD14+ Monocytes","ctrl101.B","B"
"cell259","CD14+ Monocytes","ctrl101.A","A"
"cell260","CD4 T cells","ctrl101.A","A"
"cell261","CD14+ Monocytes","ctrl101.B","B"
"cell262","CD14+ Monocytes","ctrl101.A","A"
"cell263","CD14+ Monocytes","ctrl101.B","B"
"cell264","CD14+ Monocytes","ctrl101.B","B"
"cell265","CD14+ Monocytes","ctrl101.B","B"
"cell266","CD14+ Monocytes","ctrl101.B","B"
"cell267","CD4 T cells","ctrl101.B","B"
"cell268","CD14+ Monocytes","ctrl101.B","B"
"cell269","CD14+ Monocytes","ctrl107.B","B"
"cell270","CD14+ Monocytes","ctrl107.A","A"
"cell271","CD14+ Monocytes","ctrl101.B","B"
"cell272","CD14+ Monocytes","ctrl101.B","B"
"cell273","CD14+ Monocytes","ctrl101.B","B"
"cell274","CD14+ Monocytes","ctrl101.B","B"
"cell275","CD14+ Monocytes","ctrl101.B","B"
"cell276","CD4 T cells","ctrl101.A","A"
"cell277","CD14+ Monocytes","ctrl101.B","B"
"cell278","CD14+ Monocytes","ctrl101.B","B"
"cell279","CD14+ Monocytes","ctrl101.B","B"
"cell280","CD14+ Monocytes","ctrl101.B","B"
"cell281","CD4 T cells","ctrl107.B","B"
"cell282","CD4 T cells","ctrl101.B","B"
"cell283","CD4 T cells","ctrl101.B","B"
"cell284","CD14+ Monocytes","ctrl101.B","B"
"cell285","CD4 T cells","ctrl101.B","B"
"cell286","CD14+ Monocytes","ctrl101.B","B"
"cell287","CD4 T cells","ctrl101.B","B"
"cell288","CD14+ Monocytes","ctrl101.B","B"
"cell289","CD4 T cells","ctrl101.B","B"
"cell290","CD4 T cells","ctrl101.B","B"
"cell291","CD4 T cells","ctrl101.B","B"
"cell292","CD4 T cells","ctrl101.B","B"
"cell293","CD14+ Monocytes","ctrl101.B","B"
"cell294","CD4 T cells","ctrl101.B","B"
"cell295","CD14+ Monocytes","ctrl101.B","B"
"cell296","CD4 T cells","ctrl101.B","B"
"cell297","CD4 T cells","ctrl101.B","B"
"cell298","CD4 T cells","ctrl101.B","B"
"cell299","CD4 T cells","ctrl101.B","B"
"cell300","CD4 T cells","ctrl101.B","B"
"cell301","CD4 T cells","ctrl101.B","B"
"cell302","CD4 T cells","ctrl101.B","B"
"cell303","CD14+ Monocytes","ctrl101.B","B"
"cell304","CD4 T cells","ctrl107.B","B"
"cell305","CD14+ Monocytes","ctrl101.B","B"
"cell306","CD14+ Monocytes","ctrl101.B","B"
"cell307","CD4 T cells","ctrl101.B","B"
"cell308","CD4 T cells","ctrl101.B","B"
"cell309","CD4 T cells","ctrl101.B","B"
"cell310","CD14+ Monocytes","ctrl101.B","B"
"cell311","CD4 T cells","ctrl101.A","A"
"cell312","CD14+ Monocytes","ctrl101.B","B"
"cell313","CD4 T cells","ctrl101.B","B"
"cell314","CD4 T cells","ctrl107.B","B"
"cell315","CD4 T cells","ctrl101.B","B"
"cell316","CD4 T cells","ctrl101.B","B"
"cell317","CD4 T cells","ctrl101.B","B"
"cell318","CD4 T cells","ctrl101.A","A"
"cell319","CD4 T cells","ctrl101.B","B"
"cell320","CD4 T cells","ctrl101.B","B"
"cell321","CD4 T cells","ctrl101.B","B"
"cell322","CD14+ Monocytes","ctrl101.B","B"
"cell323","CD14+ Monocytes","ctrl101.A","A"
"cell324","CD4 T cells","ctrl107.B","B"
"cell325","CD4 T cells","ctrl101.B","B"
"cell326","CD14+ Monocytes","ctrl101.B","B"
"cell327","CD14+ Monocytes","ctrl101.B","B"
"cell328","CD14+ Monocytes","ctrl107.B","B"
"cell329","CD14+ Monocytes","ctrl101.B","B"
"cell330","CD4 T cells","ctrl101.B","B"
"cell331","CD14+ Monocytes","ctrl101.B","B"
"cell332","CD14+ Monocytes","ctrl101.B","B"
"cell333","CD4 T cells","ctrl101.B","B"
"cell334","CD14+ Monocytes","ctrl101.B","B"
"cell335","CD14+ Monocytes","ctrl101.B","B"
"cell336","CD14+ Monocytes","ctrl101.B","B"
"cell337","CD4 T cells","ctrl107.B","B"
"cell338","CD4 T cells","ctrl101.B","B"
"cell339","CD14+ Monocytes","ctrl101.B","B"
"cell340","CD4 T cells","ctrl101.B","B"
"cell341","CD14+ Monocytes","ctrl101.B","B"
"cell342","CD4 T cells","ctrl101.B","B"
"cell343","CD4 T cells","ctrl101.B","B"
"cell344","CD4 T cells","ctrl101.A","A"
"cell345","CD14+ Monocytes","ctrl101.B","B"
"cell346","CD4 T cells","ctrl101.B","B"
"cell347","CD4 T cells","ctrl101.B","B"
"cell348","CD14+ Monocytes","ctrl101.B","B"
"cell349","CD14+ Monocytes","ctrl101.B","B"
"cell350","CD14+ Monocytes","ctrl101.B","B"
"cell351","CD4 T cells","ctrl101.B","B"
"cell352","CD4 T cells","ctrl101.B","B"
"cell353","CD14+ Monocytes","ctrl101.B","B"
"cell354","CD4 T cells","ctrl101.B","B"
"cell355","CD14+ Monocytes","ctrl101.B","B"
"cell356","CD14+ Monocytes","ctrl107.B","B"
"cell357","CD4 T cells","ctrl101.B","B"
"cell358","CD14+ Monocytes","ctrl101.B","B"
"cell359","CD14+ Monocytes","ctrl101.A","A"
"cell360","CD14+ Monocytes","ctrl101.B","B"
"cell361","CD14+ Monocytes","ctrl107.B","B"
"cell362","CD4 T cells","ctrl101.B","B"
"cell363","CD14+ Monocytes","ctrl101.B","B"
"cell364","CD14+ Monocytes","ctrl101.B","B"
"cell365","CD4 T cells","ctrl101.B","B"
"cell366","CD4 T cells","ctrl101.B","B"
"cell367","CD14+ Monocytes","ctrl101.B","B"
"cell368","CD4 T cells","ctrl101.B","B"
"cell369","CD4 T cells","ctrl101.B","B"
"cell370","CD4 T cells","ctrl101.B","B"
"cell371","CD14+ Monocytes","ctrl101.A","A"
"cell372","CD14+ Monocytes","ctrl101.B","B"
"cell373","CD4 T cells","ctrl101.B","B"
"cell374","CD14+ Monocytes","ctrl101.B","B"
"cell375","CD4 T cells","ctrl101.B","B"
"cell376","CD14+ Monocytes","ctrl101.B","B"
"cell377","CD4 T cells","ctrl101.B","B"
"cell378","CD14+ Monocytes","ctrl101.B","B"
"cell379","CD14+ Monocytes","ctrl101.B","B"
"cell380","CD4 T cells","ctrl101.B","B"
"cell381","CD14+ Monocytes","ctrl101.B","B"
"cell382","CD4 T cells","ctrl101.B","B"
"cell383","CD4 T cells","ctrl101.B","B"
"cell384","CD14+ Monocytes","ctrl101.B","B"
"cell385","CD4 T cells","ctrl101.B","B"
"cell386","CD4 T cells","ctrl101.A","A"
"cell387","CD4 T cells","ctrl101.B","B"
"cell388","CD14+ Monocytes","ctrl107.B","B"
"cell389","CD4 T cells","ctrl101.B","B"
"cell390","CD14+ Monocytes","ctrl107.B","B"
"cell391","CD14+ Monocytes","ctrl101.B","B"
"cell392","CD4 T cells","ctrl101.B","B"
"cell393","CD14+ Monocytes","ctrl101.B","B"
"cell394","CD4 T cells","ctrl101.B","B"
"cell395","CD14+ Monocytes","ctrl101.B","B"
"cell396","CD14+ Monocytes","ctrl101.B","B"
"cell397","CD4 T cells","ctrl101.A","A"
"cell398","CD4 T cells","ctrl101.B","B"
"cell399","CD4 T cells","ctrl101.B","B"
"cell400","CD4 T cells","ctrl101.A","A"
"cell401","CD14+ Monocytes","ctrl101.B","B"
"cell402","CD4 T cells","ctrl101.B","B"
"cell403","CD14+ Monocytes","ctrl101.A","A"
"cell404","CD4 T cells","ctrl101.B","B"
"cell405","CD14+ Monocytes","ctrl101.A","A"
"cell406","CD4 T cells","ctrl101.B","B"
"cell407","CD14+ Monocytes","ctrl101.B","B"
"cell408","CD14+ Monocytes","ctrl101.B","B"
"cell409","CD14+ Monocytes","ctrl101.B","B"
"cell410","CD14+ Monocytes","ctrl101.B","B"
"cell411","CD4 T cells","ctrl101.B","B"
"cell412","CD14+ Monocytes","ctrl101.B","B"
"cell413","CD14+ Monocytes","ctrl101.B","B"
"cell414","CD4 T cells","ctrl101.B","B"
"cell415","CD14+ Monocytes","ctrl101.B","B"
"cell416","CD14+ Monocytes","ctrl101.B","B"
"cell417","CD14+ Monocytes","ctrl101.B","B"
"cell418","CD4 T cells","ctrl101.B","B"
"cell419","CD14+ Monocytes","ctrl101.B","B"
"cell420","CD4 T cells","ctrl101.B","B"
"cell421","CD4 T cells","ctrl101.B","B"
"cell422","CD14+ Monocytes","ctrl101.B","B"
"cell423","CD4 T cells","ctrl101.B","B"
"cell424","CD4 T cells","ctrl101.B","B"
"cell425","CD14+ Monocytes","ctrl101.B","B"
"cell426","CD14+ Monocytes","ctrl101.B","B"
"cell427","CD4 T cells","ctrl101.B","B"
"cell428","CD14+ Monocytes","ctrl101.B","B"
"cell429","CD14+ Monocytes","ctrl101.B","B"
"cell430","CD4 T cells","ctrl107.B","B"
"cell431","CD4 T cells","ctrl101.B","B"
"cell432","CD14+ Monocytes","ctrl101.B","B"
"cell433","CD14+ Monocytes","ctrl101.B","B"
"cell434","CD4 T cells","ctrl101.B","B"
"cell435","CD14+ Monocytes","ctrl107.A","A"
"cell436","CD4 T cells","ctrl101.B","B"
"cell437","CD14+ Monocytes","ctrl101.B","B"
"cell438","CD4 T cells","ctrl101.B","B"
"cell439","CD14+ Monocytes","ctrl101.B","B"
"cell440","CD14+ Monocytes","ctrl101.B","B"
"cell441","CD4 T cells","ctrl107.B","B"
"cell442","CD14+ Monocytes","ctrl101.B","B"
"cell443","CD14+ Monocytes","ctrl107.B","B"
"cell444","CD4 T cells","ctrl107.B","B"
"cell445","CD14+ Monocytes","ctrl107.B","B"
"cell446","CD4 T cells","ctrl101.B","B"
"cell447","CD14+ Monocytes","ctrl101.B","B"
"cell448","CD4 T cells","ctrl101.B","B"
"cell449","CD14+ Monocytes","ctrl101.B","B"
"cell450","CD4 T cells","ctrl101.B","B"
"cell451","CD4 T cells","ctrl101.B","B"
"cell452","CD14+ Monocytes","ctrl101.B","B"
"cell453","CD14+ Monocytes","ctrl101.B","B"
"cell454","CD4 T cells","ctrl101.B","B"
"cell455","CD4 T cells","ctrl107.B","B"
"cell456","CD4 T cells","ctrl101.B","B"
"cell457","CD4 T cells","ctrl101.A","A"
"cell458","CD4 T cells","ctrl101.A","A"
"cell459","CD4 T cells","ctrl101.B","B"
"cell460","CD4 T cells","ctrl101.B","B"
"cell461","CD4 T cells","ctrl101.B","B"
"cell462","CD14+ Monocytes","ctrl107.B","B"
"cell463","CD4 T cells","ctrl101.B","B"
"cell464","CD4 T cells","ctrl101.B","B"
"cell465","CD4 T cells","ctrl101.B","B"
"cell466","CD14+ Monocytes","ctrl107.B","B"
"cell467","CD4 T cells","ctrl101.B","B"
"cell468","CD14+ Monocytes","ctrl101.B","B"
"cell469","CD14+ Monocytes","ctrl101.B","B"
"cell470","CD14+ Monocytes","ctrl101.B","B"
"cell471","CD14+ Monocytes","ctrl101.B","B"
"cell472","CD14+ Monocytes","ctrl101.B","B"
"cell473","CD4 T cells","ctrl101.B","B"
"cell474","CD14+ Monocytes","ctrl107.B","B"
"cell475","CD4 T cells","ctrl101.B","B"
"cell476","CD4 T cells","ctrl101.B","B"
"cell477","CD4 T cells","ctrl101.B","B"
"cell478","CD4 T cells","ctrl101.B","B"
"cell479","CD14+ Monocytes","ctrl101.B","B"
"cell480","CD4 T cells","ctrl101.B","B"
"cell481","CD14+ Monocytes","ctrl101.B","B"
"cell482","CD4 T cells","ctrl101.B","B"
"cell483","CD14+ Monocytes","ctrl101.B","B"
"cell484","CD14+ Monocytes","ctrl101.B","B"
"cell485","CD14+ Monocytes","ctrl101.A","A"
"cell486","CD14+ Monocytes","ctrl101.B","B"
"cell487","CD14+ Monocytes","ctrl101.B","B"
"cell488","CD4 T cells","ctrl107.B","B"
"cell489","CD4 T cells","ctrl101.B","B"
"cell490","CD4 T cells","ctrl101.B","B"
"cell491","CD14+ Monocytes","ctrl107.B","B"
"cell492","CD4 T cells","ctrl101.A","A"
"cell493","CD14+ Monocytes","ctrl101.B","B"
"cell494","CD14+ Monocytes","ctrl101.B","B"
"cell495","CD4 T cells","ctrl101.B","B"
"cell496","CD4 T cells","ctrl101.B","B"
"cell497","CD14+ Monocytes","ctrl101.B","B"
"cell498","CD14+ Monocytes","ctrl101.B","B"
"cell499","CD14+ Monocytes","ctrl107.B","B"
"cell500","CD14+ Monocytes","ctrl101.B","B"
"cell501","CD14+ Monocytes","ctrl107.B","B"
"cell502","CD4 T cells","ctrl107.B","B"
"cell503","CD14+ Monocytes","ctrl101.B","B"
"cell504","CD4 T cells","ctrl101.B","B"
"cell505","CD14+ Monocytes","ctrl107.B","B"
"cell506","CD4 T cells","ctrl101.B","B"
"cell507","CD14+ Monocytes","ctrl101.B","B"
"cell508","CD14+ Monocytes","ctrl107.B","B"
"cell509","CD14+ Monocytes","ctrl101.B","B"
"cell510","CD4 T cells","ctrl101.B","B"
"cell511","CD14+ Monocytes","ctrl101.B","B"
"cell512","CD14+ Monocytes","ctrl101.A","A"
"cell513","CD14+ Monocytes","ctrl101.B","B"
"cell514","CD4 T cells","ctrl101.B","B"
"cell515","CD14+ Monocytes","ctrl101.B","B"
"cell516","CD4 T cells","ctrl101.B","B"
"cell517","CD4 T cells","ctrl101.B","B"
"cell518","CD14+ Monocytes","ctrl101.B","B"
"cell519","CD4 T cells","ctrl101.A","A"
"cell520","CD14+ Monocytes","ctrl101.B","B"
"cell521","CD4 T cells","ctrl101.B","B"
"cell522","CD4 T cells","ctrl101.B","B"
"cell523","CD14+ Monocytes","ctrl101.B","B"
"cell524","CD4 T cells","ctrl107.B","B"
"cell525","CD14+ Monocytes","ctrl101.B","B"
"cell526","CD14+ Monocytes","ctrl101.B","B"
"cell527","CD4 T cells","ctrl101.B","B"
"cell528","CD4 T cells","ctrl101.B","B"
"cell529","CD4 T cells","ctrl101.B","B"
"cell530","CD14+ Monocytes","ctrl101.A","A"
"cell531","CD4 T cells","ctrl107.B","B"
"cell532","CD14+ Monocytes","ctrl101.B","B"
"cell533","CD4 T cells","ctrl107.B","B"
"cell534","CD4 T cells","ctrl101.B","B"
"cell535","CD14+ Monocytes","ctrl101.B","B"
"cell536","CD4 T cells","ctrl101.B","B"
"cell537","CD4 T cells","ctrl107.B","B"
"cell538","CD14+ Monocytes","ctrl101.B","B"
"cell539","CD14+ Monocytes","ctrl101.B","B"
"cell540","CD14+ Monocytes","ctrl101.B","B"
"cell541","CD14+ Monocytes","ctrl101.B","B"
"cell542","CD14+ Monocytes","ctrl101.B","B"
"cell543","CD4 T cells","ctrl101.B","B"
"cell544","CD14+ Monocytes","ctrl101.A","A"
"cell545","CD4 T cells","ctrl101.B","B"
"cell546","CD4 T cells","ctrl101.B","B"
"cell547","CD4 T cells","ctrl107.A","A"
"cell548","CD14+ Monocytes","ctrl101.B","B"
"cell549","CD4 T cells","ctrl107.B","B"
"cell550","CD4 T cells","ctrl101.B","B"
"cell551","CD14+ Monocytes","ctrl101.B","B"
"cell552","CD4 T cells","ctrl101.A","A"
"cell553","CD14+ Monocytes","ctrl101.B","B"
"cell554","CD14+ Monocytes","ctrl101.B","B"
"cell555","CD4 T cells","ctrl101.B","B"
"cell556","CD14+ Monocytes","ctrl101.B","B"
"cell557","CD14+ Monocytes","ctrl107.B","B"
"cell558","CD4 T cells","ctrl107.B","B"
"cell559","CD4 T cells","ctrl107.B","B"
"cell560","CD4 T cells","ctrl101.B","B"
"cell561","CD4 T cells","ctrl101.B","B"
"cell562","CD4 T cells","ctrl101.B","B"
"cell563","CD4 T cells","ctrl101.B","B"
"cell564","CD14+ Monocytes","ctrl101.B","B"
"cell565","CD4 T cells","ctrl107.B","B"
"cell566","CD14+ Monocytes","ctrl101.B","B"
"cell567","CD4 T cells","ctrl101.B","B"
"cell568","CD14+ Monocytes","ctrl101.B","B"
"cell569","CD4 T cells","ctrl101.B","B"
"cell570","CD4 T cells","ctrl101.B","B"
"cell571","CD14+ Monocytes","ctrl101.B","B"
"cell572","CD14+ Monocytes","ctrl101.A","A"
"cell573","CD4 T cells","ctrl107.B","B"
"cell574","CD4 T cells","ctrl101.A","A"
"cell575","CD4 T cells","ctrl107.B","B"
"cell576","CD4 T cells","ctrl107.B","B"
"cell577","CD4 T cells","ctrl101.B","B"
"cell578","CD4 T cells","ctrl107.B","B"
"cell579","CD14+ Monocytes","ctrl107.B","B"
"cell580","CD14+ Monocytes","ctrl101.B","B"
"cell581","CD14+ Monocytes","ctrl101.B","B"
"cell582","CD14+ Monocytes","ctrl101.B","B"
"cell583","CD4 T cells","ctrl101.B","B"
"cell584","CD14+ Monocytes","ctrl101.B","B"
"cell585","CD4 T cells","ctrl101.B","B"
"cell586","CD14+ Monocytes","ctrl101.B","B"
"cell587","CD14+ Monocytes","ctrl101.B","B"
"cell588","CD14+ Monocytes","ctrl101.A","A"
"cell589","CD4 T cells","ctrl101.B","B"
"cell590","CD14+ Monocytes","ctrl101.B","B"
"cell591","CD4 T cells","ctrl101.A","A"
"cell592","CD14+ Monocytes","ctrl101.B","B"
"cell593","CD4 T cells","ctrl101.A","A"
"cell594","CD4 T cells","ctrl101.B","B"
"cell595","CD4 T cells","ctrl101.B","B"
"cell596","CD14+ Monocytes","ctrl107.B","B"
"cell597","CD4 T cells","ctrl101.B","B"
"cell598","CD4 T cells","ctrl101.B","B"
"cell599","CD4 T cells","ctrl101.B","B"
"cell600","CD4 T cells","ctrl101.B","B"
"cell601","CD14+ Monocytes","ctrl101.B","B"
"cell602","CD14+ Monocytes","ctrl101.B","B"
"cell603","CD14+ Monocytes","ctrl101.A","A"
"cell604","CD4 T cells","ctrl107.B","B"
"cell605","CD14+ Monocytes","ctrl101.B","B"
"cell606","CD14+ Monocytes","ctrl101.B","B"
"cell607","CD4 T cells","ctrl101.B","B"
"cell608","CD4 T cells","ctrl101.B","B"
"cell609","CD4 T cells","ctrl101.A","A"
"cell610","CD4 T cells","ctrl101.B","B"
"cell611","CD4 T cells","ctrl101.B","B"
"cell612","CD4 T cells","ctrl101.B","B"
"cell613","CD4 T cells","ctrl101.B","B"
"cell614","CD4 T cells","ctrl101.B","B"
"cell615","CD4 T cells","ctrl101.B","B"
"cell616","CD14+ Monocytes","ctrl101.B","B"
"cell617","CD4 T cells","ctrl101.B","B"
"cell618","CD14+ Monocytes","ctrl101.B","B"
"cell619","CD14+ Monocytes","ctrl107.B","B"
"cell620","CD14+ Monocytes","ctrl107.B","B"
"cell621","CD14+ Monocytes","ctrl101.B","B"
"cell622","CD4 T cells","ctrl101.B","B"
"cell623","CD4 T cells","ctrl101.B","B"
"cell624","CD4 T cells","ctrl101.B","B"
"cell625","CD4 T cells","ctrl101.B","B"
"cell626","CD4 T cells","ctrl101.B","B"
"cell627","CD14+ Monocytes","ctrl107.B","B"
"cell628","CD14+ Monocytes","ctrl101.A","A"
"cell629","CD4 T cells","ctrl101.B","B"
"cell630","CD4 T cells","ctrl101.B","B"
"cell631","CD14+ Monocytes","ctrl101.B","B"
"cell632","CD14+ Monocytes","ctrl101.B","B"
"cell633","CD14+ Monocytes","ctrl101.B","B"
"cell634","CD4 T cells","ctrl101.B","B"
"cell635","CD14+ Monocytes","ctrl101.B","B"
"cell636","CD14+ Monocytes","ctrl101.B","B"
"cell637","CD14+ Monocytes","ctrl101.A","A"
"cell638","CD4 T cells","ctrl101.B","B"
"cell639","CD14+ Monocytes","ctrl101.A","A"
"cell640","CD4 T cells","ctrl101.B","B"
"cell641","CD14+ Monocytes","ctrl101.B","B"
"cell642","CD14+ Monocytes","ctrl101.B","B"
"cell643","CD4 T cells","ctrl101.B","B"
"cell644","CD4 T cells","ctrl101.A","A"
"cell645","CD14+ Monocytes","ctrl101.B","B"
"cell646","CD4 T cells","ctrl101.B","B"
"cell647","CD4 T cells","ctrl101.B","B"
"cell648","CD14+ Monocytes","ctrl101.B","B"
"cell649","CD4 T cells","ctrl101.B","B"
"cell650","CD14+ Monocytes","ctrl101.B","B"
"cell651","CD4 T cells","ctrl101.B","B"
"cell652","CD14+ Monocytes","ctrl101.B","B"
"cell653","CD14+ Monocytes","ctrl107.B","B"
"cell654","CD14+ Monocytes","ctrl101.A","A"
"cell655","CD4 T cells","ctrl101.B","B"
"cell656","CD4 T cells","ctrl101.B","B"
"cell657","CD4 T cells","ctrl101.B","B"
"cell658","CD4 T cells","ctrl101.B","B"
"cell659","CD4 T cells","ctrl101.B","B"
"cell660","CD4 T cells","ctrl107.A","A"
"cell661","CD4 T cells","ctrl101.B","B"
"cell662","CD4 T cells","ctrl101.A","A"
"cell663","CD4 T cells","ctrl107.B","B"
"cell664","CD14+ Monocytes","ctrl101.B","B"
"cell665","CD4 T cells","ctrl101.B","B"
"cell666","CD14+ Monocytes","ctrl101.B","B"
"cell667","CD4 T cells","ctrl101.B","B"
"cell668","CD14+ Monocytes","ctrl101.B","B"
"cell669","CD14+ Monocytes","ctrl101.A","A"
"cell670","CD14+ Monocytes","ctrl101.B","B"
"cell671","CD14+ Monocytes","ctrl101.B","B"
"cell672","CD14+ Monocytes","ctrl101.B","B"
"cell673","CD4 T cells","ctrl101.B","B"
"cell674","CD4 T cells","ctrl101.B","B"
"cell675","CD4 T cells","ctrl101.B","B"
"cell676","CD14+ Monocytes","ctrl101.B","B"
"cell677","CD4 T cells","ctrl101.B","B"
"cell678","CD4 T cells","ctrl101.B","B"
"cell679","CD14+ Monocytes","ctrl107.B","B"
"cell680","CD14+ Monocytes","ctrl101.B","B"
"cell681","CD4 T cells","ctrl107.B","B"
"cell682","CD14+ Monocytes","ctrl101.B","B"
"cell683","CD4 T cells","ctrl101.B","B"
"cell684","CD4 T cells","ctrl107.B","B"
"cell685","CD14+ Monocytes","ctrl101.B","B"
"cell686","CD14+ Monocytes","ctrl101.B","B"
"cell687","CD14+ Monocytes","ctrl107.B","B"
"cell688","CD14+ Monocytes","ctrl101.B","B"
"cell689","CD4 T cells","ctrl101.B","B"
"cell690","CD4 T cells","ctrl101.B","B"
"cell691","CD14+ Monocytes","ctrl101.A","A"
"cell692","CD4 T cells","ctrl107.B","B"
"cell693","CD14+ Monocytes","ctrl101.B","B"
"cell694","CD4 T cells","ctrl101.A","A"
"cell695","CD4 T cells","ctrl101.B","B"
"cell696","CD4 T cells","ctrl101.B","B"
"cell697","CD4 T cells","ctrl101.B","B"
"cell698","CD4 T cells","ctrl101.B","B"
"cell699","CD4 T cells","ctrl101.A","A"
"cell700","CD14+ Monocytes","ctrl101.B","B"
"cell701","CD4 T cells","ctrl107.B","B"
"cell702","CD4 T cells","ctrl101.B","B"
"cell703","CD4 T cells","ctrl101.B","B"
"cell704","CD4 T cells","ctrl101.B","B"
"cell705","CD4 T cells","ctrl101.B","B"
"cell706","CD4 T cells","ctrl107.B","B"
"cell707","CD14+ Monocytes","ctrl101.B","B"
"cell708","CD4 T cells","ctrl101.B","B"
"cell709","CD14+ Monocytes","ctrl101.B","B"
"cell710","CD14+ Monocytes","ctrl101.B","B"
"cell711","CD14+ Monocytes","ctrl101.B","B"
"cell712","CD14+ Monocytes","ctrl101.B","B"
"cell713","CD14+ Monocytes","ctrl101.A","A"
"cell714","CD14+ Monocytes","ctrl101.A","A"
"cell715","CD4 T cells","ctrl101.B","B"
"cell716","CD14+ Monocytes","ctrl101.B","B"
"cell717","CD4 T cells","ctrl101.B","B"
"cell718","CD4 T cells","ctrl101.B","B"
"cell719","CD4 T cells","ctrl101.B","B"
"cell720","CD14+ Monocytes","ctrl101.B","B"
"cell721","CD4 T cells","ctrl101.B","B"
"cell722","CD4 T cells","ctrl101.B","B"
"cell723","CD4 T cells","ctrl101.B","B"
"cell724","CD4 T cells","ctrl101.B","B"
"cell725","CD14+ Monocytes","ctrl101.B","B"
"cell726","CD14+ Monocytes","ctrl101.A","A"
"cell727","CD4 T cells","ctrl101.B","B"
"cell728","CD14+ Monocytes","ctrl101.B","B"
"cell729","CD14+ Monocytes","ctrl101.B","B"
"cell730","CD14+ Monocytes","ctrl101.A","A"
"cell731","CD4 T cells","ctrl101.B","B"
"cell732","CD4 T cells","ctrl101.A","A"
"cell733","CD4 T cells","ctrl101.B","B"
"cell734","CD4 T cells","ctrl101.B","B"
"cell735","CD14+ Monocytes","ctrl107.B","B"
"cell736","CD14+ Monocytes","ctrl101.B","B"
"cell737","CD14+ Monocytes","ctrl101.B","B"
"cell738","CD14+ Monocytes","ctrl101.A","A"
"cell739","CD14+ Monocytes","ctrl107.B","B"
"cell740","CD4 T cells","ctrl101.A","A"
"cell741","CD14+ Monocytes","ctrl107.B","B"
"cell742","CD4 T cells","ctrl101.B","B"
"cell743","CD14+ Monocytes","ctrl101.B","B"
"cell744","CD14+ Monocytes","ctrl101.B","B"
"cell745","CD14+ Monocytes","ctrl107.B","B"
"cell746","CD14+ Monocytes","ctrl101.B","B"
"cell747","CD4 T cells","ctrl101.B","B"
"cell748","CD14+ Monocytes","ctrl101.B","B"
"cell749","CD14+ Monocytes","ctrl101.B","B"
"cell750","CD4 T cells","ctrl101.B","B"
"cell751","CD14+ Monocytes","ctrl107.B","B"
"cell752","CD4 T cells","ctrl101.B","B"
"cell753","CD14+ Monocytes","ctrl101.B","B"
"cell754","CD4 T cells","ctrl107.B","B"
"cell755","CD14+ Monocytes","ctrl101.B","B"
"cell756","CD4 T cells","ctrl101.B","B"
"cell757","CD14+ Monocytes","ctrl107.B","B"
"cell758","CD14+ Monocytes","ctrl101.B","B"
"cell759","CD14+ Monocytes","ctrl107.B","B"
"cell760","CD14+ Monocytes","ctrl101.B","B"
"cell761","CD4 T cells","ctrl101.B","B"
"cell762","CD14+ Monocytes","ctrl101.B","B"
"cell763","CD4 T cells","ctrl101.B","B"
"cell764","CD14+ Monocytes","ctrl101.B","B"
"cell765","CD4 T cells","ctrl101.B","B"
"cell766","CD4 T cells","ctrl101.B","B"
"cell767","CD14+ Monocytes","ctrl101.B","B"
"cell768","CD4 T cells","ctrl101.B","B"
"cell769","CD14+ Monocytes","ctrl101.B","B"
"cell770","CD14+ Monocytes","ctrl101.B","B"
"cell771","CD14+ Monocytes","ctrl101.B","B"
"cell772","CD4 T cells","ctrl101.B","B"
"cell773","CD4 T cells","ctrl101.B","B"
"cell774","CD4 T cells","ctrl101.B","B"
"cell775","CD4 T cells","ctrl101.B","B"
"cell776","CD4 T cells","ctrl101.B","B"
"cell777","CD14+ Monocytes","ctrl107.B","B"
"cell778","CD4 T cells","ctrl101.B","B"
"cell779","CD14+ Monocytes","ctrl101.B","B"
"cell780","CD4 T cells","ctrl101.B","B"
"cell781","CD14+ Monocytes","ctrl101.B","B"
"cell782","CD14+ Monocytes","ctrl101.B","B"
"cell783","CD4 T cells","ctrl101.B","B"
"cell784","CD14+ Monocytes","ctrl101.B","B"
"cell785","CD4 T cells","ctrl101.B","B"
"cell786","CD14+ Monocytes","ctrl101.B","B"
"cell787","CD4 T cells","ctrl101.B","B"
"cell788","CD14+ Monocytes","ctrl101.B","B"
"cell789","CD14+ Monocytes","ctrl101.B","B"
"cell790","CD14+ Monocytes","ctrl101.B","B"
"cell791","CD14+ Monocytes","ctrl101.B","B"
"cell792","CD4 T cells","ctrl107.B","B"
"cell793","CD4 T cells","ctrl101.B","B"
"cell794","CD4 T cells","ctrl101.B","B"
"cell795","CD14+ Monocytes","ctrl101.A","A"
"cell796","CD4 T cells","ctrl101.B","B"
"cell797","CD14+ Monocytes","ctrl101.B","B"
"cell798","CD14+ Monocytes","ctrl101.B","B"
"cell799","CD4 T cells","ctrl101.B","B"
"cell800","CD14+ Monocytes","ctrl101.B","B"
"cell801","CD4 T cells","ctrl101.B","B"
"cell802","CD4 T cells","ctrl101.A","A"
"cell803","CD14+ Monocytes","ctrl101.B","B"
"cell804","CD4 T cells","ctrl107.B","B"
"cell805","CD4 T cells","ctrl101.B","B"
"cell806","CD4 T cells","ctrl101.B","B"
"cell807","CD4 T cells","ctrl101.B","B"
"cell808","CD14+ Monocytes","ctrl101.B","B"
"cell809","CD4 T cells","ctrl101.B","B"
"cell810","CD4 T cells","ctrl101.B","B"
"cell811","CD4 T cells","ctrl107.B","B"
"cell812","CD4 T cells","ctrl101.B","B"
"cell813","CD4 T cells","ctrl101.B","B"
"cell814","CD14+ Monocytes","ctrl101.B","B"
"cell815","CD4 T cells","ctrl101.B","B"
"cell816","CD4 T cells","ctrl101.B","B"
"cell817","CD14+ Monocytes","ctrl101.B","B"
"cell818","CD4 T cells","ctrl107.B","B"
"cell819","CD14+ Monocytes","ctrl101.B","B"
"cell820","CD14+ Monocytes","ctrl101.B","B"
"cell821","CD14+ Monocytes","ctrl101.B","B"
"cell822","CD14+ Monocytes","ctrl101.A","A"
"cell823","CD14+ Monocytes","ctrl101.B","B"
"cell824","CD4 T cells","ctrl101.B","B"
"cell825","CD4 T cells","ctrl101.B","B"
"cell826","CD4 T cells","ctrl107.B","B"
"cell827","CD4 T cells","ctrl107.B","B"
"cell828","CD14+ Monocytes","ctrl101.B","B"
"cell829","CD4 T cells","ctrl101.B","B"
"cell830","CD4 T cells","ctrl101.B","B"
"cell831","CD14+ Monocytes","ctrl101.B","B"
"cell832","CD14+ Monocytes","ctrl101.B","B"
"cell833","CD14+ Monocytes","ctrl107.B","B"
"cell834","CD14+ Monocytes","ctrl101.B","B"
"cell835","CD4 T cells","ctrl101.B","B"
"cell836","CD14+ Monocytes","ctrl101.B","B"
"cell837","CD4 T cells","ctrl101.B","B"
"cell838","CD4 T cells","ctrl101.B","B"
"cell839","CD14+ Monocytes","ctrl101.B","B"
"cell840","CD4 T cells","ctrl101.B","B"
"cell841","CD14+ Monocytes","ctrl101.B","B"
"cell842","CD4 T cells","ctrl101.B","B"
"cell843","CD14+ Monocytes","ctrl101.B","B"
"cell844","CD14+ Monocytes","ctrl107.B","B"
"cell845","CD14+ Monocytes","ctrl101.B","B"
"cell846","CD14+ Monocytes","ctrl101.B","B"
"cell847","CD4 T cells","ctrl107.A","A"
"cell848","CD4 T cells","ctrl101.B","B"
"cell849","CD14+ Monocytes","ctrl101.B","B"
"cell850","CD4 T cells","ctrl107.B","B"
"cell851","CD14+ Monocytes","ctrl101.B","B"
"cell852","CD4 T cells","ctrl101.B","B"
"cell853","CD4 T cells","ctrl101.A","A"
"cell854","CD4 T cells","ctrl101.B","B"
"cell855","CD14+ Monocytes","ctrl101.B","B"
"cell856","CD4 T cells","ctrl107.B","B"
"cell857","CD4 T cells","ctrl107.B","B"
"cell858","CD4 T cells","ctrl101.A","A"
"cell859","CD14+ Monocytes","ctrl107.B","B"
"cell860","CD4 T cells","ctrl107.A","A"
"cell861","CD4 T cells","ctrl101.B","B"
"cell862","CD14+ Monocytes","ctrl107.B","B"
"cell863","CD14+ Monocytes","ctrl101.B","B"
"cell864","CD4 T cells","ctrl107.B","B"
"cell865","CD14+ Monocytes","ctrl101.A","A"
"cell866","CD14+ Monocytes","ctrl101.B","B"
"cell867","CD14+ Monocytes","ctrl107.B","B"
"cell868","CD4 T cells","ctrl101.B","B"
"cell869","CD14+ Monocytes","ctrl101.A","A"
"cell870","CD14+ Monocytes","ctrl101.B","B"
"cell871","CD4 T cells","ctrl101.B","B"
"cell872","CD4 T cells","ctrl101.B","B"
"cell873","CD4 T cells","ctrl107.B","B"
"cell874","CD4 T cells","ctrl101.B","B"
"cell875","CD14+ Monocytes","ctrl101.B","B"
"cell876","CD4 T cells","ctrl107.A","A"
"cell877","CD14+ Monocytes","ctrl101.B","B"
"cell878","CD14+ Monocytes","ctrl107.B","B"
"cell879","CD14+ Monocytes","ctrl101.A","A"
"cell880","CD14+ Monocytes","ctrl101.A","A"
"cell881","CD4 T cells","ctrl101.B","B"
"cell882","CD14+ Monocytes","ctrl101.B","B"
"cell883","CD4 T cells","ctrl107.B","B"
"cell884","CD14+ Monocytes","ctrl101.B","B"
"cell885","CD4 T cells","ctrl101.B","B"
"cell886","CD4 T cells","ctrl101.B","B"
"cell887","CD14+ Monocytes","ctrl101.A","A"
"cell888","CD4 T cells","ctrl101.B","B"
"cell889","CD14+ Monocytes","ctrl101.B","B"
"cell890","CD14+ Monocytes","ctrl107.B","B"
"cell891","CD14+ Monocytes","ctrl107.B","B"
"cell892","CD14+ Monocytes","ctrl101.B","B"
"cell893","CD14+ Monocytes","ctrl107.B","B"
"cell894","CD14+ Monocytes","ctrl101.B","B"
"cell895","CD4 T cells","ctrl101.B","B"
"cell896","CD4 T cells","ctrl101.B","B"
"cell897","CD4 T cells","ctrl101.B","B"
"cell898","CD14+ Monocytes","ctrl101.B","B"
"cell899","CD14+ Monocytes","ctrl101.B","B"
"cell900","CD4 T cells","ctrl101.B","B"
"cell901","CD4 T cells","ctrl101.B","B"
"cell902","CD14+ Monocytes","ctrl101.B","B"
"cell903","CD4 T cells","ctrl107.B","B"
"cell904","CD4 T cells","ctrl101.B","B"
"cell905","CD14+ Monocytes","ctrl107.B","B"
"cell906","CD4 T cells","ctrl101.B","B"
"cell907","CD4 T cells","ctrl101.B","B"
"cell908","CD14+ Monocytes","ctrl107.A","A"
"cell909","CD4 T cells","ctrl101.B","B"
"cell910","CD14+ Monocytes","ctrl101.B","B"
"cell911","CD14+ Monocytes","ctrl101.B","B"
"cell912","CD4 T cells","ctrl101.B","B"
"cell913","CD14+ Monocytes","ctrl101.A","A"
"cell914","CD4 T cells","ctrl107.B","B"
"cell915","CD14+ Monocytes","ctrl107.B","B"
"cell916","CD4 T cells","ctrl101.B","B"
"cell917","CD14+ Monocytes","ctrl101.B","B"
"cell918","CD14+ Monocytes","ctrl101.B","B"
"cell919","CD4 T cells","ctrl101.B","B"
"cell920","CD14+ Monocytes","ctrl101.B","B"
"cell921","CD4 T cells","ctrl101.B","B"
"cell922","CD4 T cells","ctrl101.B","B"
"cell923","CD14+ Monocytes","ctrl101.B","B"
"cell924","CD14+ Monocytes","ctrl101.B","B"
"cell925","CD4 T cells","ctrl101.B","B"
"cell926","CD4 T cells","ctrl101.A","A"
"cell927","CD4 T cells","ctrl101.B","B"
"cell928","CD4 T cells","ctrl101.B","B"
"cell929","CD14+ Monocytes","ctrl107.B","B"
"cell930","CD14+ Monocytes","ctrl101.B","B"
"cell931","CD14+ Monocytes","ctrl101.B","B"
"cell932","CD4 T cells","ctrl101.B","B"
"cell933","CD4 T cells","ctrl101.B","B"
"cell934","CD14+ Monocytes","ctrl101.A","A"
"cell935","CD14+ Monocytes","ctrl101.B","B"
"cell936","CD4 T cells","ctrl101.B","B"
"cell937","CD4 T cells","ctrl101.B","B"
"cell938","CD14+ Monocytes","ctrl101.B","B"
"cell939","CD4 T cells","ctrl101.B","B"
"cell940","CD4 T cells","ctrl101.B","B"
"cell941","CD14+ Monocytes","ctrl101.B","B"
"cell942","CD14+ Monocytes","ctrl101.B","B"
"cell943","CD4 T cells","ctrl101.B","B"
"cell944","CD14+ Monocytes","ctrl101.B","B"
"cell945","CD4 T cells","ctrl101.B","B"
"cell946","CD4 T cells","ctrl101.A","A"
"cell947","CD14+ Monocytes","ctrl101.B","B"
"cell948","CD4 T cells","ctrl101.B","B"
"cell949","CD4 T cells","ctrl101.B","B"
"cell950","CD14+ Monocytes","ctrl101.B","B"
"cell951","CD14+ Monocytes","ctrl101.B","B"
"cell952","CD14+ Monocytes","ctrl101.B","B"
"cell953","CD14+ Monocytes","ctrl101.B","B"
"cell954","CD4 T cells","ctrl101.B","B"
"cell955","CD14+ Monocytes","ctrl101.B","B"
"cell956","CD14+ Monocytes","ctrl101.B","B"
"cell957","CD14+ Monocytes","ctrl101.B","B"
"cell958","CD14+ Monocytes","ctrl101.B","B"
"cell959","CD4 T cells","ctrl101.B","B"
"cell960","CD4 T cells","ctrl101.B","B"
"cell961","CD4 T cells","ctrl101.A","A"
"cell962","CD4 T cells","ctrl101.B","B"
"cell963","CD4 T cells","ctrl101.B","B"
"cell964","CD14+ Monocytes","ctrl101.A","A"
"cell965","CD4 T cells","ctrl101.B","B"
"cell966","CD4 T cells","ctrl107.B","B"
"cell967","CD14+ Monocytes","ctrl101.B","B"
"cell968","CD4 T cells","ctrl101.B","B"
"cell969","CD4 T cells","ctrl101.B","B"
"cell970","CD14+ Monocytes","ctrl101.B","B"
"cell971","CD14+ Monocytes","ctrl101.B","B"
"cell972","CD14+ Monocytes","ctrl101.B","B"
"cell973","CD4 T cells","ctrl101.B","B"
"cell974","CD14+ Monocytes","ctrl101.B","B"
"cell975","CD4 T cells","ctrl101.B","B"
"cell976","CD4 T cells","ctrl101.B","B"
"cell977","CD4 T cells","ctrl101.B","B"
"cell978","CD14+ Monocytes","ctrl101.B","B"
"cell979","CD14+ Monocytes","ctrl101.B","B"
"cell980","CD4 T cells","ctrl107.B","B"
"cell981","CD14+ Monocytes","ctrl101.B","B"
"cell982","CD4 T cells","ctrl101.A","A"
"cell983","CD14+ Monocytes","ctrl101.B","B"
"cell984","CD14+ Monocytes","ctrl101.B","B"
"cell985","CD4 T cells","ctrl107.B","B"
"cell986","CD4 T cells","ctrl101.B","B"
"cell987","CD4 T cells","ctrl101.B","B"
"cell988","CD14+ Monocytes","ctrl101.B","B"
"cell989","CD14+ Monocytes","ctrl107.B","B"
"cell990","CD14+ Monocytes","ctrl107.B","B"
"cell991","CD14+ Monocytes","ctrl101.B","B"
"cell992","CD4 T cells","ctrl101.B","B"
"cell993","CD4 T cells","ctrl101.B","B"
"cell994","CD14+ Monocytes","ctrl107.B","B"
"cell995","CD14+ Monocytes","ctrl101.B","B"
"cell996","CD14+ Monocytes","ctrl101.B","B"
"cell997","CD4 T cells","ctrl107.B","B"
"cell998","CD14+ Monocytes","ctrl101.B","B"
"cell999","CD14+ Monocytes","ctrl107.B","B"
"cell1000","CD4 T cells","ctrl107.B","B"
